year,month,commodity_group,cpi_value,inflation_rate_pct
2021,1,ALCOHOLIC BEVERAGES AND TOBACCO,137.6,11.3
2021,1,ALL ITEMS,108.4,3.7
2021,1,CLOTHING AND FOOTWEAR,105.9,1.6
2021,1,EDUCATION SERVICES,106.7,1.0
2021,1,FINANCIAL SERVICES,100.0,0.0
2021,1,FOOD AND NON-ALCOHOLIC BEVERAGES,110.7,5.9
2021,1,"FURNISHINGS, HOUSEHOLD EQUIPMENT AND ROUTINE HOUSEHOLD MAINTENANCE",107.4,2.6
2021,1,HEALTH,110.4,3.8
2021,1,"HOUSING, WATER, ELECTRICITY, GAS, AND OTHER FUELS",104.0,0.2
2021,1,INFORMATION AND COMMUNICATION,101.2,0.6
2021,1,"PERSONAL CARE, AND MISCELLANEOUS GOODS AND SERVICES",106.2,2.4
2021,1,"RECREATION, SPORT AND CULTURE",104.1,-0.6
2021,1,RESTAURANTS AND ACCOMMODATION SERVICES,107.5,2.6
2021,1,TRANSPORT,108.8,6.6
2021,2,ALCOHOLIC BEVERAGES AND TOBACCO,139.4,11.7
2021,2,ALL ITEMS,108.5,4.2
2021,2,CLOTHING AND FOOTWEAR,106.1,1.7
2021,2,EDUCATION SERVICES,106.7,1.0
2021,2,FINANCIAL SERVICES,100.0,0.0
2021,2,FOOD AND NON-ALCOHOLIC BEVERAGES,110.3,6.2
2021,2,"FURNISHINGS, HOUSEHOLD EQUIPMENT AND ROUTINE HOUSEHOLD MAINTENANCE",107.6,2.3
2021,2,HEALTH,110.9,3.9
2021,2,"HOUSING, WATER, ELECTRICITY, GAS, AND OTHER FUELS",104.3,0.6
2021,2,INFORMATION AND COMMUNICATION,101.3,0.7
2021,2,"PERSONAL CARE, AND MISCELLANEOUS GOODS AND SERVICES",106.5,2.4
2021,2,"RECREATION, SPORT AND CULTURE",104.3,-0.7
2021,2,RESTAURANTS AND ACCOMMODATION SERVICES,108.0,3.0
2021,2,TRANSPORT,108.8,8.2
2021,3,ALCOHOLIC BEVERAGES AND TOBACCO,140.4,11.3
2021,3,ALL ITEMS,108.2,4.1
2021,3,CLOTHING AND FOOTWEAR,106.4,1.7
2021,3,EDUCATION SERVICES,106.7,1.0
2021,3,FINANCIAL SERVICES,100.0,0.0
2021,3,FOOD AND NON-ALCOHOLIC BEVERAGES,108.9,5.3
2021,3,"FURNISHINGS, HOUSEHOLD EQUIPMENT AND ROUTINE HOUSEHOLD MAINTENANCE",107.7,1.8
2021,3,HEALTH,111.3,4.0
2021,3,"HOUSING, WATER, ELECTRICITY, GAS, AND OTHER FUELS",104.3,0.7
2021,3,INFORMATION AND COMMUNICATION,101.3,0.6
2021,3,"PERSONAL CARE, AND MISCELLANEOUS GOODS AND SERVICES",106.7,2.4
2021,3,"RECREATION, SPORT AND CULTURE",104.4,-0.7
2021,3,RESTAURANTS AND ACCOMMODATION SERVICES,108.2,2.9
2021,3,TRANSPORT,110.4,11.9
2021,4,ALCOHOLIC BEVERAGES AND TOBACCO,140.9,11.2
2021,4,ALL ITEMS,108.1,4.1
2021,4,CLOTHING AND FOOTWEAR,106.5,1.7
2021,4,EDUCATION SERVICES,106.7,1.0
2021,4,FINANCIAL SERVICES,143.3,43.3
2021,4,FOOD AND NON-ALCOHOLIC BEVERAGES,108.4,3.8
2021,4,"FURNISHINGS, HOUSEHOLD EQUIPMENT AND ROUTINE HOUSEHOLD MAINTENANCE",108.0,1.9
2021,4,HEALTH,111.5,4.0
2021,4,"HOUSING, WATER, ELECTRICITY, GAS, AND OTHER FUELS",104.3,1.3
2021,4,INFORMATION AND COMMUNICATION,101.3,0.6
2021,4,"PERSONAL CARE, AND MISCELLANEOUS GOODS AND SERVICES",106.8,2.4
2021,4,"RECREATION, SPORT AND CULTURE",104.5,-0.6
2021,4,RESTAURANTS AND ACCOMMODATION SERVICES,108.6,3.3
2021,4,TRANSPORT,110.7,16.6
2021,5,ALCOHOLIC BEVERAGES AND TOBACCO,141.4,11.1
2021,5,ALL ITEMS,108.1,4.1
2021,5,CLOTHING AND FOOTWEAR,106.7,1.9
2021,5,EDUCATION SERVICES,106.7,1.0
2021,5,FINANCIAL SERVICES,143.3,43.3
2021,5,FOOD AND NON-ALCOHOLIC BEVERAGES,107.9,3.5
2021,5,"FURNISHINGS, HOUSEHOLD EQUIPMENT AND ROUTINE HOUSEHOLD MAINTENANCE",108.3,2.2
2021,5,HEALTH,111.8,4.1
2021,5,"HOUSING, WATER, ELECTRICITY, GAS, AND OTHER FUELS",104.7,1.7
2021,5,INFORMATION AND COMMUNICATION,101.3,0.6
2021,5,"PERSONAL CARE, AND MISCELLANEOUS GOODS AND SERVICES",106.9,2.4
2021,5,"RECREATION, SPORT AND CULTURE",104.6,-0.5
2021,5,RESTAURANTS AND ACCOMMODATION SERVICES,109.4,3.9
2021,5,TRANSPORT,111.1,16.2
2021,6,ALCOHOLIC BEVERAGES AND TOBACCO,141.8,10.4
2021,6,ALL ITEMS,108.3,3.7
2021,6,CLOTHING AND FOOTWEAR,106.8,1.8
2021,6,EDUCATION SERVICES,106.7,1.0
2021,6,FINANCIAL SERVICES,143.3,43.3
2021,6,FOOD AND NON-ALCOHOLIC BEVERAGES,107.8,3.6
2021,6,"FURNISHINGS, HOUSEHOLD EQUIPMENT AND ROUTINE HOUSEHOLD MAINTENANCE",108.5,2.2
2021,6,HEALTH,112.0,3.9
2021,6,"HOUSING, WATER, ELECTRICITY, GAS, AND OTHER FUELS",105.1,2.0
2021,6,INFORMATION AND COMMUNICATION,101.5,0.8
2021,6,"PERSONAL CARE, AND MISCELLANEOUS GOODS AND SERVICES",107.1,2.4
2021,6,"RECREATION, SPORT AND CULTURE",104.7,-0.5
2021,6,RESTAURANTS AND ACCOMMODATION SERVICES,109.8,4.2
2021,6,TRANSPORT,111.7,10.3
2021,7,ALCOHOLIC BEVERAGES AND TOBACCO,142.2,9.3
2021,7,ALL ITEMS,108.8,3.7
2021,7,CLOTHING AND FOOTWEAR,107.1,1.9
2021,7,EDUCATION SERVICES,106.7,1.0
2021,7,FINANCIAL SERVICES,143.3,43.3
2021,7,FOOD AND NON-ALCOHOLIC BEVERAGES,107.9,3.9
2021,7,"FURNISHINGS, HOUSEHOLD EQUIPMENT AND ROUTINE HOUSEHOLD MAINTENANCE",108.6,2.1
2021,7,HEALTH,112.6,3.9
2021,7,"HOUSING, WATER, ELECTRICITY, GAS, AND OTHER FUELS",106.1,2.7
2021,7,INFORMATION AND COMMUNICATION,101.5,0.5
2021,7,"PERSONAL CARE, AND MISCELLANEOUS GOODS AND SERVICES",107.4,2.3
2021,7,"RECREATION, SPORT AND CULTURE",104.8,-0.6
2021,7,RESTAURANTS AND ACCOMMODATION SERVICES,109.9,3.8
2021,7,TRANSPORT,112.8,7.1
2021,8,ALCOHOLIC BEVERAGES AND TOBACCO,142.6,9.4
2021,8,ALL ITEMS,109.4,4.4
2021,8,CLOTHING AND FOOTWEAR,107.2,1.8
2021,8,EDUCATION SERVICES,106.6,0.9
2021,8,FINANCIAL SERVICES,143.3,43.3
2021,8,FOOD AND NON-ALCOHOLIC BEVERAGES,109.2,5.5
2021,8,"FURNISHINGS, HOUSEHOLD EQUIPMENT AND ROUTINE HOUSEHOLD MAINTENANCE",108.7,2.0
2021,8,HEALTH,112.8,3.8
2021,8,"HOUSING, WATER, ELECTRICITY, GAS, AND OTHER FUELS",106.5,3.4
2021,8,INFORMATION AND COMMUNICATION,101.6,0.6
2021,8,"PERSONAL CARE, AND MISCELLANEOUS GOODS AND SERVICES",107.4,2.2
2021,8,"RECREATION, SPORT AND CULTURE",105.0,1.1
2021,8,RESTAURANTS AND ACCOMMODATION SERVICES,110.2,4.0
2021,8,TRANSPORT,113.0,7.0
2021,9,ALCOHOLIC BEVERAGES AND TOBACCO,142.8,9.5
2021,9,ALL ITEMS,109.3,4.2
2021,9,CLOTHING AND FOOTWEAR,107.4,1.9
2021,9,EDUCATION SERVICES,107.2,0.7
2021,9,FINANCIAL SERVICES,143.3,43.3
2021,9,FOOD AND NON-ALCOHOLIC BEVERAGES,108.7,5.0
2021,9,"FURNISHINGS, HOUSEHOLD EQUIPMENT AND ROUTINE HOUSEHOLD MAINTENANCE",109.1,2.2
2021,9,HEALTH,113.0,3.8
2021,9,"HOUSING, WATER, ELECTRICITY, GAS, AND OTHER FUELS",106.8,3.8
2021,9,INFORMATION AND COMMUNICATION,101.7,0.7
2021,9,"PERSONAL CARE, AND MISCELLANEOUS GOODS AND SERVICES",107.6,2.2
2021,9,"RECREATION, SPORT AND CULTURE",105.2,1.6
2021,9,RESTAURANTS AND ACCOMMODATION SERVICES,110.3,4.0
2021,9,TRANSPORT,113.1,5.6
2021,10,ALCOHOLIC BEVERAGES AND TOBACCO,143.1,8.7
2021,10,ALL ITEMS,109.5,4.0
2021,10,CLOTHING AND FOOTWEAR,107.5,1.9
2021,10,EDUCATION SERVICES,107.3,0.7
2021,10,FINANCIAL SERVICES,143.3,43.3
2021,10,FOOD AND NON-ALCOHOLIC BEVERAGES,108.2,3.7
2021,10,"FURNISHINGS, HOUSEHOLD EQUIPMENT AND ROUTINE HOUSEHOLD MAINTENANCE",109.1,2.1
2021,10,HEALTH,113.1,3.7
2021,10,"HOUSING, WATER, ELECTRICITY, GAS, AND OTHER FUELS",107.2,4.3
2021,10,INFORMATION AND COMMUNICATION,101.7,0.6
2021,10,"PERSONAL CARE, AND MISCELLANEOUS GOODS AND SERVICES",107.7,2.1
2021,10,"RECREATION, SPORT AND CULTURE",105.3,1.6
2021,10,RESTAURANTS AND ACCOMMODATION SERVICES,110.3,3.8
2021,10,TRANSPORT,115.1,7.6
2021,11,ALCOHOLIC BEVERAGES AND TOBACCO,143.8,6.9
2021,11,ALL ITEMS,110.2,3.7
2021,11,CLOTHING AND FOOTWEAR,107.6,2.0
2021,11,EDUCATION SERVICES,107.3,0.7
2021,11,FINANCIAL SERVICES,143.3,43.3
2021,11,FOOD AND NON-ALCOHOLIC BEVERAGES,109.3,2.2
2021,11,"FURNISHINGS, HOUSEHOLD EQUIPMENT AND ROUTINE HOUSEHOLD MAINTENANCE",109.3,2.1
2021,11,HEALTH,113.3,3.6
2021,11,"HOUSING, WATER, ELECTRICITY, GAS, AND OTHER FUELS",108.0,4.8
2021,11,INFORMATION AND COMMUNICATION,101.7,0.6
2021,11,"PERSONAL CARE, AND MISCELLANEOUS GOODS AND SERVICES",107.9,2.2
2021,11,"RECREATION, SPORT AND CULTURE",105.4,1.6
2021,11,RESTAURANTS AND ACCOMMODATION SERVICES,110.3,3.7
2021,11,TRANSPORT,116.7,9.8
2021,12,ALCOHOLIC BEVERAGES AND TOBACCO,144.3,6.2
2021,12,ALL ITEMS,110.5,3.1
2021,12,CLOTHING AND FOOTWEAR,107.7,1.9
2021,12,EDUCATION SERVICES,107.3,0.7
2021,12,FINANCIAL SERVICES,143.3,43.3
2021,12,FOOD AND NON-ALCOHOLIC BEVERAGES,110.1,1.6
2021,12,"FURNISHINGS, HOUSEHOLD EQUIPMENT AND ROUTINE HOUSEHOLD MAINTENANCE",109.4,2.1
2021,12,HEALTH,113.4,3.2
2021,12,"HOUSING, WATER, ELECTRICITY, GAS, AND OTHER FUELS",108.5,5.1
2021,12,INFORMATION AND COMMUNICATION,101.8,0.6
2021,12,"PERSONAL CARE, AND MISCELLANEOUS GOODS AND SERVICES",108.0,2.1
2021,12,"RECREATION, SPORT AND CULTURE",105.5,1.6
2021,12,RESTAURANTS AND ACCOMMODATION SERVICES,110.4,3.2
2021,12,TRANSPORT,115.0,6.6
2022,1,ALCOHOLIC BEVERAGES AND TOBACCO,145.3,5.6
2022,1,ALL ITEMS,111.7,3.0
2022,1,CLOTHING AND FOOTWEAR,108.0,2.0
2022,1,EDUCATION SERVICES,107.3,0.6
2022,1,FINANCIAL SERVICES,143.3,43.3
2022,1,FOOD AND NON-ALCOHOLIC BEVERAGES,112.6,1.7
2022,1,"FURNISHINGS, HOUSEHOLD EQUIPMENT AND ROUTINE HOUSEHOLD MAINTENANCE",110.0,2.4
2022,1,HEALTH,113.8,3.1
2022,1,"HOUSING, WATER, ELECTRICITY, GAS, AND OTHER FUELS",108.7,4.5
2022,1,INFORMATION AND COMMUNICATION,101.9,0.7
2022,1,"PERSONAL CARE, AND MISCELLANEOUS GOODS AND SERVICES",108.5,2.2
2022,1,"RECREATION, SPORT AND CULTURE",105.7,1.5
2022,1,RESTAURANTS AND ACCOMMODATION SERVICES,110.7,3.0
2022,1,TRANSPORT,116.4,7.0
2022,2,ALCOHOLIC BEVERAGES AND TOBACCO,145.9,4.7
2022,2,ALL ITEMS,111.8,3.0
2022,2,CLOTHING AND FOOTWEAR,108.1,1.9
2022,2,EDUCATION SERVICES,107.3,0.6
2022,2,FINANCIAL SERVICES,143.3,43.3
2022,2,FOOD AND NON-ALCOHOLIC BEVERAGES,111.6,1.2
2022,2,"FURNISHINGS, HOUSEHOLD EQUIPMENT AND ROUTINE HOUSEHOLD MAINTENANCE",110.1,2.3
2022,2,HEALTH,113.9,2.7
2022,2,"HOUSING, WATER, ELECTRICITY, GAS, AND OTHER FUELS",109.3,4.8
2022,2,INFORMATION AND COMMUNICATION,101.9,0.6
2022,2,"PERSONAL CARE, AND MISCELLANEOUS GOODS AND SERVICES",108.8,2.2
2022,2,"RECREATION, SPORT AND CULTURE",106.0,1.6
2022,2,RESTAURANTS AND ACCOMMODATION SERVICES,111.1,2.9
2022,2,TRANSPORT,118.4,8.8
2022,3,ALCOHOLIC BEVERAGES AND TOBACCO,147.2,4.8
2022,3,ALL ITEMS,112.5,4.0
2022,3,CLOTHING AND FOOTWEAR,108.4,1.9
2022,3,EDUCATION SERVICES,107.3,0.6
2022,3,FINANCIAL SERVICES,143.3,43.3
2022,3,FOOD AND NON-ALCOHOLIC BEVERAGES,111.7,2.6
2022,3,"FURNISHINGS, HOUSEHOLD EQUIPMENT AND ROUTINE HOUSEHOLD MAINTENANCE",110.5,2.6
2022,3,HEALTH,114.1,2.5
2022,3,"HOUSING, WATER, ELECTRICITY, GAS, AND OTHER FUELS",110.8,6.2
2022,3,INFORMATION AND COMMUNICATION,102.0,0.7
2022,3,"PERSONAL CARE, AND MISCELLANEOUS GOODS AND SERVICES",109.0,2.2
2022,3,"RECREATION, SPORT AND CULTURE",106.0,1.5
2022,3,RESTAURANTS AND ACCOMMODATION SERVICES,111.4,3.0
2022,3,TRANSPORT,121.8,10.3
2022,4,ALCOHOLIC BEVERAGES AND TOBACCO,149.2,5.9
2022,4,ALL ITEMS,113.4,4.9
2022,4,CLOTHING AND FOOTWEAR,108.6,2.0
2022,4,EDUCATION SERVICES,107.3,0.6
2022,4,FINANCIAL SERVICES,143.3,0.0
2022,4,FOOD AND NON-ALCOHOLIC BEVERAGES,112.5,3.8
2022,4,"FURNISHINGS, HOUSEHOLD EQUIPMENT AND ROUTINE HOUSEHOLD MAINTENANCE",110.8,2.6
2022,4,HEALTH,114.2,2.4
2022,4,"HOUSING, WATER, ELECTRICITY, GAS, AND OTHER FUELS",111.5,6.9
2022,4,INFORMATION AND COMMUNICATION,102.0,0.7
2022,4,"PERSONAL CARE, AND MISCELLANEOUS GOODS AND SERVICES",109.3,2.3
2022,4,"RECREATION, SPORT AND CULTURE",106.2,1.6
2022,4,RESTAURANTS AND ACCOMMODATION SERVICES,111.6,2.8
2022,4,TRANSPORT,125.1,13.0
2022,5,ALCOHOLIC BEVERAGES AND TOBACCO,151.0,6.8
2022,5,ALL ITEMS,113.9,5.4
2022,5,CLOTHING AND FOOTWEAR,108.9,2.1
2022,5,EDUCATION SERVICES,107.3,0.6
2022,5,FINANCIAL SERVICES,143.3,0.0
2022,5,FOOD AND NON-ALCOHOLIC BEVERAGES,113.2,4.9
2022,5,"FURNISHINGS, HOUSEHOLD EQUIPMENT AND ROUTINE HOUSEHOLD MAINTENANCE",111.0,2.5
2022,5,HEALTH,114.5,2.4
2022,5,"HOUSING, WATER, ELECTRICITY, GAS, AND OTHER FUELS",111.5,6.5
2022,5,INFORMATION AND COMMUNICATION,102.0,0.7
2022,5,"PERSONAL CARE, AND MISCELLANEOUS GOODS AND SERVICES",109.6,2.5
2022,5,"RECREATION, SPORT AND CULTURE",106.4,1.7
2022,5,RESTAURANTS AND ACCOMMODATION SERVICES,112.5,2.8
2022,5,TRANSPORT,127.3,14.6
2022,6,ALCOHOLIC BEVERAGES AND TOBACCO,152.8,7.8
2022,6,ALL ITEMS,114.9,6.1
2022,6,CLOTHING AND FOOTWEAR,109.2,2.2
2022,6,EDUCATION SERVICES,107.3,0.6
2022,6,FINANCIAL SERVICES,143.3,0.0
2022,6,FOOD AND NON-ALCOHOLIC BEVERAGES,114.3,6.0
2022,6,"FURNISHINGS, HOUSEHOLD EQUIPMENT AND ROUTINE HOUSEHOLD MAINTENANCE",111.6,2.9
2022,6,HEALTH,114.9,2.6
2022,6,"HOUSING, WATER, ELECTRICITY, GAS, AND OTHER FUELS",112.0,6.6
2022,6,INFORMATION AND COMMUNICATION,102.0,0.5
2022,6,"PERSONAL CARE, AND MISCELLANEOUS GOODS AND SERVICES",109.9,2.6
2022,6,"RECREATION, SPORT AND CULTURE",106.7,1.9
2022,6,RESTAURANTS AND ACCOMMODATION SERVICES,112.9,2.8
2022,6,TRANSPORT,130.8,17.1
2022,7,ALCOHOLIC BEVERAGES AND TOBACCO,154.3,8.5
2022,7,ALL ITEMS,115.8,6.4
2022,7,CLOTHING AND FOOTWEAR,109.8,2.5
2022,7,EDUCATION SERVICES,107.3,0.6
2022,7,FINANCIAL SERVICES,143.3,0.0
2022,7,FOOD AND NON-ALCOHOLIC BEVERAGES,115.3,6.9
2022,7,"FURNISHINGS, HOUSEHOLD EQUIPMENT AND ROUTINE HOUSEHOLD MAINTENANCE",112.0,3.1
2022,7,HEALTH,115.3,2.4
2022,7,"HOUSING, WATER, ELECTRICITY, GAS, AND OTHER FUELS",112.2,5.7
2022,7,INFORMATION AND COMMUNICATION,102.0,0.5
2022,7,"PERSONAL CARE, AND MISCELLANEOUS GOODS AND SERVICES",110.4,2.8
2022,7,"RECREATION, SPORT AND CULTURE",107.1,2.2
2022,7,RESTAURANTS AND ACCOMMODATION SERVICES,113.6,3.4
2022,7,TRANSPORT,133.2,18.1
2022,8,ALCOHOLIC BEVERAGES AND TOBACCO,155.9,9.3
2022,8,ALL ITEMS,116.3,6.3
2022,8,CLOTHING AND FOOTWEAR,110.2,2.8
2022,8,EDUCATION SERVICES,110.6,3.8
2022,8,FINANCIAL SERVICES,143.3,0.0
2022,8,FOOD AND NON-ALCOHOLIC BEVERAGES,116.1,6.3
2022,8,"FURNISHINGS, HOUSEHOLD EQUIPMENT AND ROUTINE HOUSEHOLD MAINTENANCE",112.4,3.4
2022,8,HEALTH,115.6,2.5
2022,8,"HOUSING, WATER, ELECTRICITY, GAS, AND OTHER FUELS",113.7,6.8
2022,8,INFORMATION AND COMMUNICATION,102.0,0.4
2022,8,"PERSONAL CARE, AND MISCELLANEOUS GOODS AND SERVICES",110.9,3.3
2022,8,"RECREATION, SPORT AND CULTURE",107.5,2.4
2022,8,RESTAURANTS AND ACCOMMODATION SERVICES,114.8,4.2
2022,8,TRANSPORT,129.5,14.6
2022,9,ALCOHOLIC BEVERAGES AND TOBACCO,156.8,9.8
2022,9,ALL ITEMS,116.8,6.9
2022,9,CLOTHING AND FOOTWEAR,110.5,2.9
2022,9,EDUCATION SERVICES,110.9,3.5
2022,9,FINANCIAL SERVICES,143.3,0.0
2022,9,FOOD AND NON-ALCOHOLIC BEVERAGES,116.7,7.4
2022,9,"FURNISHINGS, HOUSEHOLD EQUIPMENT AND ROUTINE HOUSEHOLD MAINTENANCE",112.9,3.5
2022,9,HEALTH,115.7,2.4
2022,9,"HOUSING, WATER, ELECTRICITY, GAS, AND OTHER FUELS",114.6,7.3
2022,9,INFORMATION AND COMMUNICATION,102.2,0.5
2022,9,"PERSONAL CARE, AND MISCELLANEOUS GOODS AND SERVICES",111.3,3.4
2022,9,"RECREATION, SPORT AND CULTURE",108.0,2.7
2022,9,RESTAURANTS AND ACCOMMODATION SERVICES,115.4,4.6
2022,9,TRANSPORT,129.5,14.5
2022,10,ALCOHOLIC BEVERAGES AND TOBACCO,158.0,10.4
2022,10,ALL ITEMS,117.9,7.7
2022,10,CLOTHING AND FOOTWEAR,110.8,3.1
2022,10,EDUCATION SERVICES,110.9,3.4
2022,10,FINANCIAL SERVICES,143.3,0.0
2022,10,FOOD AND NON-ALCOHOLIC BEVERAGES,118.4,9.4
2022,10,"FURNISHINGS, HOUSEHOLD EQUIPMENT AND ROUTINE HOUSEHOLD MAINTENANCE",113.3,3.8
2022,10,HEALTH,116.0,2.6
2022,10,"HOUSING, WATER, ELECTRICITY, GAS, AND OTHER FUELS",115.1,7.4
2022,10,INFORMATION AND COMMUNICATION,102.2,0.5
2022,10,"PERSONAL CARE, AND MISCELLANEOUS GOODS AND SERVICES",111.7,3.7
2022,10,"RECREATION, SPORT AND CULTURE",108.5,3.0
2022,10,RESTAURANTS AND ACCOMMODATION SERVICES,116.6,5.7
2022,10,TRANSPORT,129.5,12.5
2022,11,ALCOHOLIC BEVERAGES AND TOBACCO,159.0,10.6
2022,11,ALL ITEMS,119.0,8.0
2022,11,CLOTHING AND FOOTWEAR,111.5,3.6
2022,11,EDUCATION SERVICES,111.2,3.6
2022,11,FINANCIAL SERVICES,143.3,0.0
2022,11,FOOD AND NON-ALCOHOLIC BEVERAGES,120.2,10.0
2022,11,"FURNISHINGS, HOUSEHOLD EQUIPMENT AND ROUTINE HOUSEHOLD MAINTENANCE",114.2,4.5
2022,11,HEALTH,116.5,2.8
2022,11,"HOUSING, WATER, ELECTRICITY, GAS, AND OTHER FUELS",115.5,6.9
2022,11,INFORMATION AND COMMUNICATION,102.4,0.7
2022,11,"PERSONAL CARE, AND MISCELLANEOUS GOODS AND SERVICES",112.4,4.2
2022,11,"RECREATION, SPORT AND CULTURE",108.9,3.3
2022,11,RESTAURANTS AND ACCOMMODATION SERVICES,117.5,6.5
2022,11,TRANSPORT,131.0,12.3
2022,12,ALCOHOLIC BEVERAGES AND TOBACCO,159.7,10.7
2022,12,ALL ITEMS,119.4,8.1
2022,12,CLOTHING AND FOOTWEAR,111.9,3.9
2022,12,EDUCATION SERVICES,111.2,3.6
2022,12,FINANCIAL SERVICES,143.3,0.0
2022,12,FOOD AND NON-ALCOHOLIC BEVERAGES,121.3,10.2
2022,12,"FURNISHINGS, HOUSEHOLD EQUIPMENT AND ROUTINE HOUSEHOLD MAINTENANCE",114.6,4.8
2022,12,HEALTH,116.9,3.1
2022,12,"HOUSING, WATER, ELECTRICITY, GAS, AND OTHER FUELS",116.1,7.0
2022,12,INFORMATION AND COMMUNICATION,102.5,0.7
2022,12,"PERSONAL CARE, AND MISCELLANEOUS GOODS AND SERVICES",112.9,4.5
2022,12,"RECREATION, SPORT AND CULTURE",109.6,3.9
2022,12,RESTAURANTS AND ACCOMMODATION SERVICES,118.1,7.0
2022,12,TRANSPORT,128.4,11.7
2023,1,ALCOHOLIC BEVERAGES AND TOBACCO,161.2,10.9
2023,1,ALL ITEMS,121.4,8.7
2023,1,CLOTHING AND FOOTWEAR,112.7,4.4
2023,1,EDUCATION SERVICES,111.2,3.6
2023,1,FINANCIAL SERVICES,143.3,0.0
2023,1,FOOD AND NON-ALCOHOLIC BEVERAGES,124.6,10.7
2023,1,"FURNISHINGS, HOUSEHOLD EQUIPMENT AND ROUTINE HOUSEHOLD MAINTENANCE",115.7,5.2
2023,1,HEALTH,117.6,3.3
2023,1,"HOUSING, WATER, ELECTRICITY, GAS, AND OTHER FUELS",118.0,8.6
2023,1,INFORMATION AND COMMUNICATION,102.6,0.7
2023,1,"PERSONAL CARE, AND MISCELLANEOUS GOODS AND SERVICES",113.9,5.0
2023,1,"RECREATION, SPORT AND CULTURE",110.1,4.2
2023,1,RESTAURANTS AND ACCOMMODATION SERVICES,119.1,7.6
2023,1,TRANSPORT,129.3,11.1
2023,2,ALCOHOLIC BEVERAGES AND TOBACCO,162.0,11.0
2023,2,ALL ITEMS,121.4,8.6
2023,2,CLOTHING AND FOOTWEAR,113.3,4.8
2023,2,EDUCATION SERVICES,111.2,3.6
2023,2,FINANCIAL SERVICES,143.3,0.0
2023,2,FOOD AND NON-ALCOHOLIC BEVERAGES,123.6,10.8
2023,2,"FURNISHINGS, HOUSEHOLD EQUIPMENT AND ROUTINE HOUSEHOLD MAINTENANCE",116.9,6.2
2023,2,HEALTH,118.4,4.0
2023,2,"HOUSING, WATER, ELECTRICITY, GAS, AND OTHER FUELS",118.7,8.6
2023,2,INFORMATION AND COMMUNICATION,102.7,0.8
2023,2,"PERSONAL CARE, AND MISCELLANEOUS GOODS AND SERVICES",114.6,5.3
2023,2,"RECREATION, SPORT AND CULTURE",110.7,4.4
2023,2,RESTAURANTS AND ACCOMMODATION SERVICES,120.1,8.1
2023,2,TRANSPORT,129.0,9.0
2023,3,ALCOHOLIC BEVERAGES AND TOBACCO,165.2,12.2
2023,3,ALL ITEMS,121.1,7.6
2023,3,CLOTHING AND FOOTWEAR,113.8,5.0
2023,3,EDUCATION SERVICES,111.2,3.6
2023,3,FINANCIAL SERVICES,143.3,0.0
2023,3,FOOD AND NON-ALCOHOLIC BEVERAGES,122.1,9.3
2023,3,"FURNISHINGS, HOUSEHOLD EQUIPMENT AND ROUTINE HOUSEHOLD MAINTENANCE",117.3,6.2
2023,3,HEALTH,118.6,3.9
2023,3,"HOUSING, WATER, ELECTRICITY, GAS, AND OTHER FUELS",119.2,7.6
2023,3,INFORMATION AND COMMUNICATION,102.7,0.7
2023,3,"PERSONAL CARE, AND MISCELLANEOUS GOODS AND SERVICES",115.1,5.6
2023,3,"RECREATION, SPORT AND CULTURE",110.9,4.6
2023,3,RESTAURANTS AND ACCOMMODATION SERVICES,120.7,8.3
2023,3,TRANSPORT,128.2,5.3
2023,4,ALCOHOLIC BEVERAGES AND TOBACCO,168.2,12.7
2023,4,ALL ITEMS,120.9,6.6
2023,4,CLOTHING AND FOOTWEAR,114.1,5.1
2023,4,EDUCATION SERVICES,111.2,3.6
2023,4,FINANCIAL SERVICES,143.3,0.0
2023,4,FOOD AND NON-ALCOHOLIC BEVERAGES,121.4,7.9
2023,4,"FURNISHINGS, HOUSEHOLD EQUIPMENT AND ROUTINE HOUSEHOLD MAINTENANCE",117.6,6.1
2023,4,HEALTH,118.9,4.1
2023,4,"HOUSING, WATER, ELECTRICITY, GAS, AND OTHER FUELS",118.7,6.5
2023,4,INFORMATION AND COMMUNICATION,102.7,0.7
2023,4,"PERSONAL CARE, AND MISCELLANEOUS GOODS AND SERVICES",115.5,5.7
2023,4,"RECREATION, SPORT AND CULTURE",111.2,4.7
2023,4,RESTAURANTS AND ACCOMMODATION SERVICES,121.2,8.6
2023,4,TRANSPORT,128.4,2.6
2023,5,ALCOHOLIC BEVERAGES AND TOBACCO,169.6,12.3
2023,5,ALL ITEMS,120.9,6.1
2023,5,CLOTHING AND FOOTWEAR,114.5,5.1
2023,5,EDUCATION SERVICES,111.2,3.6
2023,5,FINANCIAL SERVICES,143.3,0.0
2023,5,FOOD AND NON-ALCOHOLIC BEVERAGES,121.6,7.4
2023,5,"FURNISHINGS, HOUSEHOLD EQUIPMENT AND ROUTINE HOUSEHOLD MAINTENANCE",117.9,6.2
2023,5,HEALTH,119.2,4.1
2023,5,"HOUSING, WATER, ELECTRICITY, GAS, AND OTHER FUELS",118.7,6.5
2023,5,INFORMATION AND COMMUNICATION,102.7,0.7
2023,5,"PERSONAL CARE, AND MISCELLANEOUS GOODS AND SERVICES",115.9,5.7
2023,5,"RECREATION, SPORT AND CULTURE",111.6,4.9
2023,5,RESTAURANTS AND ACCOMMODATION SERVICES,121.8,8.3
2023,5,TRANSPORT,126.7,-0.5
2023,6,ALCOHOLIC BEVERAGES AND TOBACCO,170.5,11.6
2023,6,ALL ITEMS,121.1,5.4
2023,6,CLOTHING AND FOOTWEAR,114.8,5.1
2023,6,EDUCATION SERVICES,111.2,3.6
2023,6,FINANCIAL SERVICES,143.3,0.0
2023,6,FOOD AND NON-ALCOHOLIC BEVERAGES,122.0,6.7
2023,6,"FURNISHINGS, HOUSEHOLD EQUIPMENT AND ROUTINE HOUSEHOLD MAINTENANCE",118.3,6.0
2023,6,HEALTH,119.4,3.9
2023,6,"HOUSING, WATER, ELECTRICITY, GAS, AND OTHER FUELS",118.3,5.6
2023,6,INFORMATION AND COMMUNICATION,102.7,0.7
2023,6,"PERSONAL CARE, AND MISCELLANEOUS GOODS AND SERVICES",116.3,5.8
2023,6,"RECREATION, SPORT AND CULTURE",111.8,4.8
2023,6,RESTAURANTS AND ACCOMMODATION SERVICES,122.2,8.2
2023,6,TRANSPORT,126.8,-3.1
2023,7,ALCOHOLIC BEVERAGES AND TOBACCO,171.1,10.9
2023,7,ALL ITEMS,121.2,4.7
2023,7,CLOTHING AND FOOTWEAR,115.1,4.8
2023,7,EDUCATION SERVICES,111.3,3.7
2023,7,FINANCIAL SERVICES,143.3,0.0
2023,7,FOOD AND NON-ALCOHOLIC BEVERAGES,122.6,6.3
2023,7,"FURNISHINGS, HOUSEHOLD EQUIPMENT AND ROUTINE HOUSEHOLD MAINTENANCE",118.5,5.8
2023,7,HEALTH,119.8,3.9
2023,7,"HOUSING, WATER, ELECTRICITY, GAS, AND OTHER FUELS",117.3,4.5
2023,7,INFORMATION AND COMMUNICATION,102.7,0.7
2023,7,"PERSONAL CARE, AND MISCELLANEOUS GOODS AND SERVICES",116.6,5.6
2023,7,"RECREATION, SPORT AND CULTURE",112.1,4.7
2023,7,RESTAURANTS AND ACCOMMODATION SERVICES,122.6,7.9
2023,7,TRANSPORT,126.9,-4.7
2023,8,ALCOHOLIC BEVERAGES AND TOBACCO,171.6,10.1
2023,8,ALL ITEMS,122.5,5.3
2023,8,CLOTHING AND FOOTWEAR,115.5,4.8
2023,8,EDUCATION SERVICES,113.8,2.9
2023,8,FINANCIAL SERVICES,143.3,0.0
2023,8,FOOD AND NON-ALCOHOLIC BEVERAGES,125.5,8.1
2023,8,"FURNISHINGS, HOUSEHOLD EQUIPMENT AND ROUTINE HOUSEHOLD MAINTENANCE",118.7,5.6
2023,8,HEALTH,120.1,3.9
2023,8,"HOUSING, WATER, ELECTRICITY, GAS, AND OTHER FUELS",116.5,2.5
2023,8,INFORMATION AND COMMUNICATION,102.7,0.7
2023,8,"PERSONAL CARE, AND MISCELLANEOUS GOODS AND SERVICES",117.0,5.5
2023,8,"RECREATION, SPORT AND CULTURE",112.8,4.9
2023,8,RESTAURANTS AND ACCOMMODATION SERVICES,123.0,7.1
2023,8,TRANSPORT,129.8,0.2
2023,9,ALCOHOLIC BEVERAGES AND TOBACCO,172.2,9.8
2023,9,ALL ITEMS,123.9,6.1
2023,9,CLOTHING AND FOOTWEAR,115.7,4.7
2023,9,EDUCATION SERVICES,115.1,3.8
2023,9,FINANCIAL SERVICES,143.3,0.0
2023,9,FOOD AND NON-ALCOHOLIC BEVERAGES,128.0,9.7
2023,9,"FURNISHINGS, HOUSEHOLD EQUIPMENT AND ROUTINE HOUSEHOLD MAINTENANCE",119.0,5.4
2023,9,HEALTH,120.4,4.1
2023,9,"HOUSING, WATER, ELECTRICITY, GAS, AND OTHER FUELS",117.3,2.4
2023,9,INFORMATION AND COMMUNICATION,102.8,0.6
2023,9,"PERSONAL CARE, AND MISCELLANEOUS GOODS AND SERVICES",117.3,5.4
2023,9,"RECREATION, SPORT AND CULTURE",113.5,5.1
2023,9,RESTAURANTS AND ACCOMMODATION SERVICES,123.6,7.1
2023,9,TRANSPORT,131.1,1.2
2023,10,ALCOHOLIC BEVERAGES AND TOBACCO,172.7,9.3
2023,10,ALL ITEMS,123.7,4.9
2023,10,CLOTHING AND FOOTWEAR,116.1,4.8
2023,10,EDUCATION SERVICES,115.1,3.8
2023,10,FINANCIAL SERVICES,143.3,0.0
2023,10,FOOD AND NON-ALCOHOLIC BEVERAGES,126.7,7.0
2023,10,"FURNISHINGS, HOUSEHOLD EQUIPMENT AND ROUTINE HOUSEHOLD MAINTENANCE",119.3,5.3
2023,10,HEALTH,120.6,4.0
2023,10,"HOUSING, WATER, ELECTRICITY, GAS, AND OTHER FUELS",118.1,2.6
2023,10,INFORMATION AND COMMUNICATION,103.0,0.8
2023,10,"PERSONAL CARE, AND MISCELLANEOUS GOODS AND SERVICES",117.6,5.3
2023,10,"RECREATION, SPORT AND CULTURE",113.9,5.0
2023,10,RESTAURANTS AND ACCOMMODATION SERVICES,124.0,6.3
2023,10,TRANSPORT,130.8,1.0
2023,11,ALCOHOLIC BEVERAGES AND TOBACCO,173.3,9.0
2023,11,ALL ITEMS,123.9,4.1
2023,11,CLOTHING AND FOOTWEAR,116.3,4.3
2023,11,EDUCATION SERVICES,115.1,3.5
2023,11,FINANCIAL SERVICES,143.3,0.0
2023,11,FOOD AND NON-ALCOHOLIC BEVERAGES,127.0,5.7
2023,11,"FURNISHINGS, HOUSEHOLD EQUIPMENT AND ROUTINE HOUSEHOLD MAINTENANCE",119.6,4.7
2023,11,HEALTH,120.9,3.8
2023,11,"HOUSING, WATER, ELECTRICITY, GAS, AND OTHER FUELS",118.4,2.5
2023,11,INFORMATION AND COMMUNICATION,103.0,0.6
2023,11,"PERSONAL CARE, AND MISCELLANEOUS GOODS AND SERVICES",117.8,4.8
2023,11,"RECREATION, SPORT AND CULTURE",114.2,4.9
2023,11,RESTAURANTS AND ACCOMMODATION SERVICES,124.1,5.6
2023,11,TRANSPORT,130.0,-0.8
2023,12,ALCOHOLIC BEVERAGES AND TOBACCO,174.1,9.0
2023,12,ALL ITEMS,124.1,3.9
2023,12,CLOTHING AND FOOTWEAR,116.6,4.2
2023,12,EDUCATION SERVICES,115.1,3.5
2023,12,FINANCIAL SERVICES,143.3,0.0
2023,12,FOOD AND NON-ALCOHOLIC BEVERAGES,127.9,5.4
2023,12,"FURNISHINGS, HOUSEHOLD EQUIPMENT AND ROUTINE HOUSEHOLD MAINTENANCE",119.8,4.5
2023,12,HEALTH,121.2,3.7
2023,12,"HOUSING, WATER, ELECTRICITY, GAS, AND OTHER FUELS",117.8,1.5
2023,12,INFORMATION AND COMMUNICATION,103.0,0.5
2023,12,"PERSONAL CARE, AND MISCELLANEOUS GOODS AND SERVICES",118.1,4.6
2023,12,"RECREATION, SPORT AND CULTURE",114.2,4.2
2023,12,RESTAURANTS AND ACCOMMODATION SERVICES,124.7,5.6
2023,12,TRANSPORT,128.9,0.4
2024,1,ALCOHOLIC BEVERAGES AND TOBACCO,174.7,8.4
2024,1,ALL ITEMS,124.8,2.8
2024,1,CLOTHING AND FOOTWEAR,117.0,3.8
2024,1,EDUCATION SERVICES,115.4,3.8
2024,1,FINANCIAL SERVICES,142.4,-0.6
2024,1,FOOD AND NON-ALCOHOLIC BEVERAGES,128.9,3.5
2024,1,"FURNISHINGS, HOUSEHOLD EQUIPMENT AND ROUTINE HOUSEHOLD MAINTENANCE",120.2,3.9
2024,1,HEALTH,121.5,3.3
2024,1,"HOUSING, WATER, ELECTRICITY, GAS, AND OTHER FUELS",118.8,0.7
2024,1,INFORMATION AND COMMUNICATION,103.1,0.5
2024,1,"PERSONAL CARE, AND MISCELLANEOUS GOODS AND SERVICES",118.4,4.0
2024,1,"RECREATION, SPORT AND CULTURE",114.5,4.0
2024,1,RESTAURANTS AND ACCOMMODATION SERVICES,125.6,5.5
2024,1,TRANSPORT,128.9,-0.3
2024,2,ALCOHOLIC BEVERAGES AND TOBACCO,175.9,8.6
2024,2,ALL ITEMS,125.5,3.4
2024,2,CLOTHING AND FOOTWEAR,117.4,3.6
2024,2,EDUCATION SERVICES,115.4,3.8
2024,2,FINANCIAL SERVICES,142.4,-0.6
2024,2,FOOD AND NON-ALCOHOLIC BEVERAGES,129.3,4.6
2024,2,"FURNISHINGS, HOUSEHOLD EQUIPMENT AND ROUTINE HOUSEHOLD MAINTENANCE",120.7,3.3
2024,2,HEALTH,122.0,3.0
2024,2,"HOUSING, WATER, ELECTRICITY, GAS, AND OTHER FUELS",119.8,0.9
2024,2,INFORMATION AND COMMUNICATION,103.1,0.4
2024,2,"PERSONAL CARE, AND MISCELLANEOUS GOODS AND SERVICES",119.0,3.8
2024,2,"RECREATION, SPORT AND CULTURE",114.9,3.8
2024,2,RESTAURANTS AND ACCOMMODATION SERVICES,126.5,5.3
2024,2,TRANSPORT,130.6,1.2
2024,3,ALCOHOLIC BEVERAGES AND TOBACCO,176.3,6.7
2024,3,ALL ITEMS,125.6,3.7
2024,3,CLOTHING AND FOOTWEAR,117.9,3.6
2024,3,EDUCATION SERVICES,115.4,3.8
2024,3,FINANCIAL SERVICES,142.4,-0.6
2024,3,FOOD AND NON-ALCOHOLIC BEVERAGES,128.9,5.6
2024,3,"FURNISHINGS, HOUSEHOLD EQUIPMENT AND ROUTINE HOUSEHOLD MAINTENANCE",121.1,3.2
2024,3,HEALTH,122.4,3.2
2024,3,"HOUSING, WATER, ELECTRICITY, GAS, AND OTHER FUELS",119.8,0.5
2024,3,INFORMATION AND COMMUNICATION,103.1,0.4
2024,3,"PERSONAL CARE, AND MISCELLANEOUS GOODS AND SERVICES",119.3,3.6
2024,3,"RECREATION, SPORT AND CULTURE",115.2,3.9
2024,3,RESTAURANTS AND ACCOMMODATION SERVICES,127.5,5.6
2024,3,TRANSPORT,130.9,2.1
2024,4,ALCOHOLIC BEVERAGES AND TOBACCO,176.5,4.9
2024,4,ALL ITEMS,125.5,3.8
2024,4,CLOTHING AND FOOTWEAR,118.2,3.6
2024,4,EDUCATION SERVICES,115.4,3.8
2024,4,FINANCIAL SERVICES,142.4,-0.6
2024,4,FOOD AND NON-ALCOHOLIC BEVERAGES,128.7,6.0
2024,4,"FURNISHINGS, HOUSEHOLD EQUIPMENT AND ROUTINE HOUSEHOLD MAINTENANCE",121.2,3.1
2024,4,HEALTH,122.5,3.0
2024,4,"HOUSING, WATER, ELECTRICITY, GAS, AND OTHER FUELS",119.2,0.4
2024,4,INFORMATION AND COMMUNICATION,103.2,0.5
2024,4,"PERSONAL CARE, AND MISCELLANEOUS GOODS AND SERVICES",119.6,3.5
2024,4,"RECREATION, SPORT AND CULTURE",115.4,3.8
2024,4,RESTAURANTS AND ACCOMMODATION SERVICES,127.8,5.4
2024,4,TRANSPORT,131.7,2.6
2024,5,ALCOHOLIC BEVERAGES AND TOBACCO,176.8,4.2
2024,5,ALL ITEMS,125.6,3.9
2024,5,CLOTHING AND FOOTWEAR,118.4,3.4
2024,5,EDUCATION SERVICES,115.4,3.8
2024,5,FINANCIAL SERVICES,142.4,-0.6
2024,5,FOOD AND NON-ALCOHOLIC BEVERAGES,128.7,5.8
2024,5,"FURNISHINGS, HOUSEHOLD EQUIPMENT AND ROUTINE HOUSEHOLD MAINTENANCE",121.5,3.1
2024,5,HEALTH,122.7,2.9
2024,5,"HOUSING, WATER, ELECTRICITY, GAS, AND OTHER FUELS",119.8,0.9
2024,5,INFORMATION AND COMMUNICATION,103.2,0.5
2024,5,"PERSONAL CARE, AND MISCELLANEOUS GOODS AND SERVICES",119.8,3.4
2024,5,"RECREATION, SPORT AND CULTURE",115.5,3.5
2024,5,RESTAURANTS AND ACCOMMODATION SERVICES,128.2,5.3
2024,5,TRANSPORT,131.1,3.5
2024,6,ALCOHOLIC BEVERAGES AND TOBACCO,177.0,3.8
2024,6,ALL ITEMS,125.6,3.7
2024,6,CLOTHING AND FOOTWEAR,118.5,3.2
2024,6,EDUCATION SERVICES,115.4,3.8
2024,6,FINANCIAL SERVICES,142.4,-0.6
2024,6,FOOD AND NON-ALCOHOLIC BEVERAGES,129.5,6.1
2024,6,"FURNISHINGS, HOUSEHOLD EQUIPMENT AND ROUTINE HOUSEHOLD MAINTENANCE",121.6,2.8
2024,6,HEALTH,122.9,2.9
2024,6,"HOUSING, WATER, ELECTRICITY, GAS, AND OTHER FUELS",118.4,0.1
2024,6,INFORMATION AND COMMUNICATION,103.2,0.5
2024,6,"PERSONAL CARE, AND MISCELLANEOUS GOODS AND SERVICES",120.0,3.2
2024,6,"RECREATION, SPORT AND CULTURE",115.7,3.5
2024,6,RESTAURANTS AND ACCOMMODATION SERVICES,128.4,5.1
2024,6,TRANSPORT,130.7,3.1
2024,7,ALCOHOLIC BEVERAGES AND TOBACCO,177.0,3.4
2024,7,ALL ITEMS,126.5,4.4
2024,7,CLOTHING AND FOOTWEAR,118.7,3.1
2024,7,EDUCATION SERVICES,118.1,6.1
2024,7,FINANCIAL SERVICES,142.4,-0.6
2024,7,FOOD AND NON-ALCOHOLIC BEVERAGES,130.4,6.4
2024,7,"FURNISHINGS, HOUSEHOLD EQUIPMENT AND ROUTINE HOUSEHOLD MAINTENANCE",121.8,2.8
2024,7,HEALTH,123.1,2.8
2024,7,"HOUSING, WATER, ELECTRICITY, GAS, AND OTHER FUELS",120.0,2.3
2024,7,INFORMATION AND COMMUNICATION,103.2,0.5
2024,7,"PERSONAL CARE, AND MISCELLANEOUS GOODS AND SERVICES",120.3,3.2
2024,7,"RECREATION, SPORT AND CULTURE",115.9,3.4
2024,7,RESTAURANTS AND ACCOMMODATION SERVICES,128.6,4.9
2024,7,TRANSPORT,131.5,3.6
2024,8,ALCOHOLIC BEVERAGES AND TOBACCO,177.2,3.3
2024,8,ALL ITEMS,126.6,3.3
2024,8,CLOTHING AND FOOTWEAR,119.0,3.0
2024,8,EDUCATION SERVICES,120.1,5.5
2024,8,FINANCIAL SERVICES,142.4,-0.6
2024,8,FOOD AND NON-ALCOHOLIC BEVERAGES,130.4,3.9
2024,8,"FURNISHINGS, HOUSEHOLD EQUIPMENT AND ROUTINE HOUSEHOLD MAINTENANCE",121.9,2.7
2024,8,HEALTH,123.2,2.6
2024,8,"HOUSING, WATER, ELECTRICITY, GAS, AND OTHER FUELS",120.9,3.8
2024,8,INFORMATION AND COMMUNICATION,103.2,0.5
2024,8,"PERSONAL CARE, AND MISCELLANEOUS GOODS AND SERVICES",120.5,3.0
2024,8,"RECREATION, SPORT AND CULTURE",116.5,3.3
2024,8,RESTAURANTS AND ACCOMMODATION SERVICES,128.7,4.6
2024,8,TRANSPORT,129.6,-0.2
2024,9,ALCOHOLIC BEVERAGES AND TOBACCO,177.5,3.1
2024,9,ALL ITEMS,126.3,1.9
2024,9,CLOTHING AND FOOTWEAR,119.1,2.9
2024,9,EDUCATION SERVICES,120.1,4.3
2024,9,FINANCIAL SERVICES,142.4,-0.6
2024,9,FOOD AND NON-ALCOHOLIC BEVERAGES,129.8,1.4
2024,9,"FURNISHINGS, HOUSEHOLD EQUIPMENT AND ROUTINE HOUSEHOLD MAINTENANCE",122.1,2.6
2024,9,HEALTH,123.5,2.6
2024,9,"HOUSING, WATER, ELECTRICITY, GAS, AND OTHER FUELS",121.2,3.3
2024,9,INFORMATION AND COMMUNICATION,103.2,0.4
2024,9,"PERSONAL CARE, AND MISCELLANEOUS GOODS AND SERVICES",120.7,2.9
2024,9,"RECREATION, SPORT AND CULTURE",116.7,2.8
2024,9,RESTAURANTS AND ACCOMMODATION SERVICES,128.7,4.1
2024,9,TRANSPORT,127.9,-2.4
2024,10,ALCOHOLIC BEVERAGES AND TOBACCO,177.8,3.0
2024,10,ALL ITEMS,126.5,2.3
2024,10,CLOTHING AND FOOTWEAR,119.2,2.7
2024,10,EDUCATION SERVICES,120.1,4.3
2024,10,FINANCIAL SERVICES,142.4,-0.6
2024,10,FOOD AND NON-ALCOHOLIC BEVERAGES,130.4,2.9
2024,10,"FURNISHINGS, HOUSEHOLD EQUIPMENT AND ROUTINE HOUSEHOLD MAINTENANCE",122.2,2.4
2024,10,HEALTH,123.7,2.6
2024,10,"HOUSING, WATER, ELECTRICITY, GAS, AND OTHER FUELS",120.9,2.4
2024,10,INFORMATION AND COMMUNICATION,103.2,0.2
2024,10,"PERSONAL CARE, AND MISCELLANEOUS GOODS AND SERVICES",120.9,2.8
2024,10,"RECREATION, SPORT AND CULTURE",116.9,2.6
2024,10,RESTAURANTS AND ACCOMMODATION SERVICES,128.8,3.9
2024,10,TRANSPORT,128.0,-2.1
2024,11,ALCOHOLIC BEVERAGES AND TOBACCO,178.7,3.1
2024,11,ALL ITEMS,127.0,2.5
2024,11,CLOTHING AND FOOTWEAR,119.3,2.6
2024,11,EDUCATION SERVICES,120.1,4.3
2024,11,FINANCIAL SERVICES,142.4,-0.6
2024,11,FOOD AND NON-ALCOHOLIC BEVERAGES,131.3,3.4
2024,11,"FURNISHINGS, HOUSEHOLD EQUIPMENT AND ROUTINE HOUSEHOLD MAINTENANCE",122.8,2.7
2024,11,HEALTH,124.0,2.6
2024,11,"HOUSING, WATER, ELECTRICITY, GAS, AND OTHER FUELS",120.7,1.9
2024,11,INFORMATION AND COMMUNICATION,103.2,0.2
2024,11,"PERSONAL CARE, AND MISCELLANEOUS GOODS AND SERVICES",121.2,2.9
2024,11,"RECREATION, SPORT AND CULTURE",116.9,2.4
2024,11,RESTAURANTS AND ACCOMMODATION SERVICES,129.0,3.9
2024,11,TRANSPORT,128.5,-1.2
2024,12,ALCOHOLIC BEVERAGES AND TOBACCO,179.5,3.1
2024,12,ALL ITEMS,127.7,2.9
2024,12,CLOTHING AND FOOTWEAR,119.4,2.4
2024,12,EDUCATION SERVICES,120.1,4.3
2024,12,FINANCIAL SERVICES,142.4,-0.6
2024,12,FOOD AND NON-ALCOHOLIC BEVERAGES,132.3,3.4
2024,12,"FURNISHINGS, HOUSEHOLD EQUIPMENT AND ROUTINE HOUSEHOLD MAINTENANCE",123.0,2.7
2024,12,HEALTH,124.2,2.5
2024,12,"HOUSING, WATER, ELECTRICITY, GAS, AND OTHER FUELS",121.2,2.9
2024,12,INFORMATION AND COMMUNICATION,103.2,0.2
2024,12,"PERSONAL CARE, AND MISCELLANEOUS GOODS AND SERVICES",121.5,2.9
2024,12,"RECREATION, SPORT AND CULTURE",117.0,2.5
2024,12,RESTAURANTS AND ACCOMMODATION SERVICES,129.4,3.8
2024,12,TRANSPORT,130.0,0.9
2025,1,ALCOHOLIC BEVERAGES AND TOBACCO,180.9,3.5
2025,1,ALL ITEMS,128.4,2.9
2025,1,CLOTHING AND FOOTWEAR,119.7,2.3
2025,1,EDUCATION SERVICES,120.3,4.2
2025,1,FINANCIAL SERVICES,142.4,0.0
2025,1,FOOD AND NON-ALCOHOLIC BEVERAGES,133.8,3.8
2025,1,"FURNISHINGS, HOUSEHOLD EQUIPMENT AND ROUTINE HOUSEHOLD MAINTENANCE",123.3,2.6
2025,1,HEALTH,124.5,2.5
2025,1,"HOUSING, WATER, ELECTRICITY, GAS, AND OTHER FUELS",121.4,2.2
2025,1,INFORMATION AND COMMUNICATION,103.3,0.2
2025,1,"PERSONAL CARE, AND MISCELLANEOUS GOODS AND SERVICES",121.7,2.8
2025,1,"RECREATION, SPORT AND CULTURE",117.3,2.4
2025,1,RESTAURANTS AND ACCOMMODATION SERVICES,129.6,3.2
2025,1,TRANSPORT,130.3,1.1
2025,2,ALCOHOLIC BEVERAGES AND TOBACCO,181.9,3.4
2025,2,ALL ITEMS,128.1,2.1
2025,2,CLOTHING AND FOOTWEAR,119.9,2.1
2025,2,EDUCATION SERVICES,120.3,4.2
2025,2,FINANCIAL SERVICES,142.4,0.0
2025,2,FOOD AND NON-ALCOHOLIC BEVERAGES,132.6,2.6
2025,2,"FURNISHINGS, HOUSEHOLD EQUIPMENT AND ROUTINE HOUSEHOLD MAINTENANCE",123.5,2.3
2025,2,HEALTH,124.8,2.3
2025,2,"HOUSING, WATER, ELECTRICITY, GAS, AND OTHER FUELS",121.7,1.6
2025,2,INFORMATION AND COMMUNICATION,103.4,0.3
2025,2,"PERSONAL CARE, AND MISCELLANEOUS GOODS AND SERVICES",122.1,2.6
2025,2,"RECREATION, SPORT AND CULTURE",117.7,2.4
2025,2,RESTAURANTS AND ACCOMMODATION SERVICES,130.1,2.8
2025,2,TRANSPORT,130.4,-0.2
2025,3,ALCOHOLIC BEVERAGES AND TOBACCO,182.6,3.6
2025,3,ALL ITEMS,127.8,1.8
2025,3,CLOTHING AND FOOTWEAR,120.0,1.8
2025,3,EDUCATION SERVICES,120.3,4.2
2025,3,FINANCIAL SERVICES,142.4,0.0
2025,3,FOOD AND NON-ALCOHOLIC BEVERAGES,131.8,2.2
2025,3,"FURNISHINGS, HOUSEHOLD EQUIPMENT AND ROUTINE HOUSEHOLD MAINTENANCE",123.7,2.1
2025,3,HEALTH,125.1,2.2
2025,3,"HOUSING, WATER, ELECTRICITY, GAS, AND OTHER FUELS",121.8,1.7
2025,3,INFORMATION AND COMMUNICATION,103.5,0.4
2025,3,"PERSONAL CARE, AND MISCELLANEOUS GOODS AND SERVICES",122.4,2.6
2025,3,"RECREATION, SPORT AND CULTURE",117.7,2.2
2025,3,RESTAURANTS AND ACCOMMODATION SERVICES,130.4,2.3
2025,3,TRANSPORT,129.5,-1.1
2025,4,ALCOHOLIC BEVERAGES AND TOBACCO,183.1,3.7
2025,4,ALL ITEMS,127.3,1.4
2025,4,CLOTHING AND FOOTWEAR,120.1,1.6
2025,4,EDUCATION SERVICES,120.3,4.2
2025,4,FINANCIAL SERVICES,142.4,0.0
2025,4,FOOD AND NON-ALCOHOLIC BEVERAGES,129.9,0.9
2025,4,"FURNISHINGS, HOUSEHOLD EQUIPMENT AND ROUTINE HOUSEHOLD MAINTENANCE",123.8,2.1
2025,4,HEALTH,125.4,2.4
2025,4,"HOUSING, WATER, ELECTRICITY, GAS, AND OTHER FUELS",122.6,2.9
2025,4,INFORMATION AND COMMUNICATION,103.5,0.3
2025,4,"PERSONAL CARE, AND MISCELLANEOUS GOODS AND SERVICES",122.6,2.5
2025,4,"RECREATION, SPORT AND CULTURE",117.8,2.1
2025,4,RESTAURANTS AND ACCOMMODATION SERVICES,130.7,2.3
2025,4,TRANSPORT,128.9,-2.1
2025,5,ALCOHOLIC BEVERAGES AND TOBACCO,183.5,3.8
2025,5,ALL ITEMS,127.2,1.3
2025,5,CLOTHING AND FOOTWEAR,120.3,1.6
2025,5,EDUCATION SERVICES,120.3,4.2
2025,5,FINANCIAL SERVICES,142.4,0.0
2025,5,FOOD AND NON-ALCOHOLIC BEVERAGES,129.8,0.9
2025,5,"FURNISHINGS, HOUSEHOLD EQUIPMENT AND ROUTINE HOUSEHOLD MAINTENANCE",123.9,2.0
2025,5,HEALTH,125.7,2.4
2025,5,"HOUSING, WATER, ELECTRICITY, GAS, AND OTHER FUELS",122.6,2.3
2025,5,INFORMATION AND COMMUNICATION,103.6,0.4
2025,5,"PERSONAL CARE, AND MISCELLANEOUS GOODS AND SERVICES",122.8,2.5
2025,5,"RECREATION, SPORT AND CULTURE",118.0,2.2
2025,5,RESTAURANTS AND ACCOMMODATION SERVICES,130.8,2.0
2025,5,TRANSPORT,127.9,-2.4
2025,6,ALCOHOLIC BEVERAGES AND TOBACCO,183.8,3.8
2025,6,ALL ITEMS,127.3,1.4
2025,6,CLOTHING AND FOOTWEAR,120.5,1.7
2025,6,EDUCATION SERVICES,121.5,5.3
2025,6,FINANCIAL SERVICES,142.4,0.0
2025,6,FOOD AND NON-ALCOHOLIC BEVERAGES,130.0,0.4
2025,6,"FURNISHINGS, HOUSEHOLD EQUIPMENT AND ROUTINE HOUSEHOLD MAINTENANCE",124.2,2.1
2025,6,HEALTH,125.9,2.4
2025,6,"HOUSING, WATER, ELECTRICITY, GAS, AND OTHER FUELS",122.2,3.2
2025,6,INFORMATION AND COMMUNICATION,103.6,0.4
2025,6,"PERSONAL CARE, AND MISCELLANEOUS GOODS AND SERVICES",122.9,2.4
2025,6,"RECREATION, SPORT AND CULTURE",118.3,2.2
2025,6,RESTAURANTS AND ACCOMMODATION SERVICES,131.1,2.1
2025,6,TRANSPORT,128.6,-1.6
2025,7,ALCOHOLIC BEVERAGES AND TOBACCO,184.4,4.2
2025,7,ALL ITEMS,127.7,0.9
2025,7,CLOTHING AND FOOTWEAR,120.8,1.8
2025,7,EDUCATION SERVICES,123.2,4.3
2025,7,FINANCIAL SERVICES,142.4,0.0
2025,7,FOOD AND NON-ALCOHOLIC BEVERAGES,130.1,-0.2
2025,7,"FURNISHINGS, HOUSEHOLD EQUIPMENT AND ROUTINE HOUSEHOLD MAINTENANCE",124.3,2.1
2025,7,HEALTH,126.3,2.6
2025,7,"HOUSING, WATER, ELECTRICITY, GAS, AND OTHER FUELS",122.6,2.2
2025,7,INFORMATION AND COMMUNICATION,103.7,0.5
2025,7,"PERSONAL CARE, AND MISCELLANEOUS GOODS AND SERVICES",123.1,2.3
2025,7,"RECREATION, SPORT AND CULTURE",118.5,2.2
2025,7,RESTAURANTS AND ACCOMMODATION SERVICES,131.5,2.3
2025,7,TRANSPORT,128.9,-2.0
2025,8,ALCOHOLIC BEVERAGES AND TOBACCO,184.7,4.2
2025,8,ALL ITEMS,128.5,1.5
2025,8,CLOTHING AND FOOTWEAR,121.0,1.7
2025,8,EDUCATION SERVICES,123.7,3.0
2025,8,FINANCIAL SERVICES,142.4,0.0
2025,8,FOOD AND NON-ALCOHOLIC BEVERAGES,131.6,0.9
2025,8,"FURNISHINGS, HOUSEHOLD EQUIPMENT AND ROUTINE HOUSEHOLD MAINTENANCE",124.8,2.4
2025,8,HEALTH,126.8,2.9
2025,8,"HOUSING, WATER, ELECTRICITY, GAS, AND OTHER FUELS",123.4,2.1
2025,8,INFORMATION AND COMMUNICATION,103.8,0.6
2025,8,"PERSONAL CARE, AND MISCELLANEOUS GOODS AND SERVICES",123.5,2.5
2025,8,"RECREATION, SPORT AND CULTURE",118.9,2.1
2025,8,RESTAURANTS AND ACCOMMODATION SERVICES,131.7,2.3
2025,8,TRANSPORT,129.2,-0.3
2025,9,ALCOHOLIC BEVERAGES AND TOBACCO,184.8,4.1
2025,9,ALL ITEMS,128.5,1.7
2025,9,CLOTHING AND FOOTWEAR,121.1,1.7
2025,9,EDUCATION SERVICES,123.7,3.0
2025,9,FINANCIAL SERVICES,142.4,0.0
2025,9,FOOD AND NON-ALCOHOLIC BEVERAGES,131.1,1.0
2025,9,"FURNISHINGS, HOUSEHOLD EQUIPMENT AND ROUTINE HOUSEHOLD MAINTENANCE",125.0,2.4
2025,9,HEALTH,127.0,2.8
2025,9,"HOUSING, WATER, ELECTRICITY, GAS, AND OTHER FUELS",123.8,2.1
2025,9,INFORMATION AND COMMUNICATION,103.8,0.6
2025,9,"PERSONAL CARE, AND MISCELLANEOUS GOODS AND SERVICES",123.6,2.4
2025,9,"RECREATION, SPORT AND CULTURE",119.1,2.1
2025,9,RESTAURANTS AND ACCOMMODATION SERVICES,131.8,2.4
2025,9,TRANSPORT,129.2,1.0
2025,10,ALCOHOLIC BEVERAGES AND TOBACCO,185.0,4.0
2025,10,ALL ITEMS,128.6,1.7
2025,10,CLOTHING AND FOOTWEAR,121.3,1.8
2025,10,EDUCATION SERVICES,123.7,3.0
2025,10,FINANCIAL SERVICES,142.4,0.0
2025,10,FOOD AND NON-ALCOHOLIC BEVERAGES,131.1,0.5
2025,10,"FURNISHINGS, HOUSEHOLD EQUIPMENT AND ROUTINE HOUSEHOLD MAINTENANCE",125.1,2.4
2025,10,HEALTH,127.1,2.7
2025,10,"HOUSING, WATER, ELECTRICITY, GAS, AND OTHER FUELS",124.2,2.7
2025,10,INFORMATION AND COMMUNICATION,103.9,0.7
2025,10,"PERSONAL CARE, AND MISCELLANEOUS GOODS AND SERVICES",123.9,2.5
2025,10,"RECREATION, SPORT AND CULTURE",119.1,1.9
2025,10,RESTAURANTS AND ACCOMMODATION SERVICES,131.9,2.4
2025,10,TRANSPORT,129.2,0.9
2025,11,ALCOHOLIC BEVERAGES AND TOBACCO,185.2,3.6
2025,11,ALL ITEMS,128.9,1.5
2025,11,CLOTHING AND FOOTWEAR,121.5,1.8
2025,11,EDUCATION SERVICES,123.7,3.0
2025,11,FINANCIAL SERVICES,142.4,0.0
2025,11,FOOD AND NON-ALCOHOLIC BEVERAGES,131.4,0.1
2025,11,"FURNISHINGS, HOUSEHOLD EQUIPMENT AND ROUTINE HOUSEHOLD MAINTENANCE",125.2,2.0
2025,11,HEALTH,127.3,2.7
2025,11,"HOUSING, WATER, ELECTRICITY, GAS, AND OTHER FUELS",124.2,2.9
2025,11,INFORMATION AND COMMUNICATION,103.9,0.7
2025,11,"PERSONAL CARE, AND MISCELLANEOUS GOODS AND SERVICES",124.1,2.4
2025,11,"RECREATION, SPORT AND CULTURE",119.3,2.1
2025,11,RESTAURANTS AND ACCOMMODATION SERVICES,132.4,2.6
2025,11,TRANSPORT,130.7,1.7
2025,12,ALCOHOLIC BEVERAGES AND TOBACCO,185.5,3.3
2025,12,ALL ITEMS,130.0,1.8
2025,12,CLOTHING AND FOOTWEAR,122.0,2.2
2025,12,EDUCATION SERVICES,123.7,3.0
2025,12,FINANCIAL SERVICES,142.4,0.0
2025,12,FOOD AND NON-ALCOHOLIC BEVERAGES,134.2,1.4
2025,12,"FURNISHINGS, HOUSEHOLD EQUIPMENT AND ROUTINE HOUSEHOLD MAINTENANCE",125.3,1.9
2025,12,HEALTH,127.6,2.7
2025,12,"HOUSING, WATER, ELECTRICITY, GAS, AND OTHER FUELS",124.2,2.5
2025,12,INFORMATION AND COMMUNICATION,103.9,0.7
2025,12,"PERSONAL CARE, AND MISCELLANEOUS GOODS AND SERVICES",124.2,2.2
2025,12,"RECREATION, SPORT AND CULTURE",119.3,2.0
2025,12,RESTAURANTS AND ACCOMMODATION SERVICES,132.5,2.4
2025,12,TRANSPORT,130.4,0.3
